original,translation,phonetics,format,notes
BAMEH MADLIKIN,BAMEH MADLIKIN,,part,
"Fuente auxiliar: Sefaria, Torat Emet 357, http://www.toratemetfreeware.com/index.html?downloads, licencia unknown","Fuente auxiliar: Sefaria, Torat Emet 357, http://www.toratemetfreeware.com/index.html?downloads, licencia unknown",,license,
"Fuente auxiliar: Sefaria, Translation based on the Metsudah linear siddur, by Avrohom Davis, 1981, https://www.nli.org.il/he/books/NNL_ALEPH002211687, licencia CC-BY","Fuente auxiliar: Sefaria, Translation based on the Metsudah linear siddur, by Avrohom Davis, 1981, https://www.nli.org.il/he/books/NNL_ALEPH002211687, licencia CC-BY",,license,
בַּמֶּה מַדְלִיקִין,"Con que se enciende,",bameh madlikin,,
וּבַמָּה אֵין מַדְלִיקִין.,y con que no se enciende?,uvamah ein madlikin.,,
אֵין מַדְלִיקִין,"No se enciende,",ein madlikin,,
"לֹא בְלֶכֶשׁ,","no con lejesh,","lo velejesh,",,
"וְלֹא בְחֹסֶן,","ni con josen,","velo vejosen,",,
"וְלֹא בְכָלָךְ,","ni con kalaj,","velo vejalaj,",,
"וְלֹא בִפְתִילַת הָאִידָן,","ni con mecha de idan,","velo viftilat ha-idan,",,
"וְלֹא בִפְתִילַת הַמִּדְבָּר,","ni con mecha del desierto,","velo viftilat hamidbar,",,
וְלֹא בִירוֹקָה,ni con la verdura,velo virvokah,,
שֶׁעַל פְּנֵי הַמָּיִם.,que esta sobre la superficie del agua.,sheal penei hamayim.,,
"וְלֹא בְזֶפֶת,","Ni con brea,","velo vezefet,",,
"וְלֹא בְשַׁעֲוָה,","ni con cera,","velo veshaavah,",,
"וְלֹא בְשֶׁמֶן קִיק,","ni con aceite de kik,","velo veshemen kik,",,
"וְלֹא בְשֶׁמֶן שְׂרֵפָה,","ni con aceite de teruma impura,","velo veshemen serefah,",,
"וְלֹא בְאַלְיָה,","ni con cola,","velo vealyah,",,
וְלֹא בְחֵלֶב.,ni con grasa.,velo vejelev.,,
"נַחוּם הַמָּדִי אוֹמֵר,",Najum el medo dice:,"najum hamadi omer,",,
מַדְלִיקִין בְּחֵלֶב מְבֻשָּׁל.,se enciende con grasa cocida.,madlikin bejelev mevushal.,,
"וַחֲכָמִים אוֹמְרִים,",Y los sabios dicen:,"vajajamim omrim,",,
אֶחָד מְבֻשָּׁל,tanto cocida,ejad mevushal,,
"וְאֶחָד שֶׁאֵינוֹ מְבֻשָּׁל,","como no cocida,","veejad sheeino mevushal,",,
אֵין מַדְלִיקִין בּוֹ:,no se enciende con ella.,ein madlikin bo:,,
אֵין מַדְלִיקִין בְּשֶׁמֶן,No se enciende,ein madlikin beshemen,,
שְׂרֵפָה בְּיוֹם טוֹב.,con aceite de teruma impura en Yom Tov.,serefah beyom tov.,,
"רַבִּי יִשְׁמָעֵאל אוֹמֵר,",Rabi Ishmael dice:,"rabi yishmael omer,",,
"אֵין מַדְלִיקִין בְּעִטְרָן,","no se enciende con alquitran,","ein madlikin beitran,",,
מִפְּנֵי כְבוֹד הַשַּׁבָּת.,por el honor del Shabat.,mipnei jevvod hashabat.,,
וַחֲכָמִים מַתִּירִין,Y los sabios permiten,vajajamim matirin,,
"בְּכָל הַשְּׁמָנִים,",con todos los aceites:,"bejal hashmanim,",,
"בְּשֶׁמֶן שֻׁמְשְׁמִין,","con aceite de sesamo,","beshemen shumshemin,",,
"בְּשֶׁמֶן אֱגוֹזִים,","con aceite de nueces,","beshemen egvozim,",,
"בְּשֶׁמֶן צְנוֹנוֹת,","con aceite de rabanos,","beshemen tzenvonvot,",,
"בְּשֶׁמֶן דָּגִים,","con aceite de pescado,","beshemen dagim,",,
"בְּשֶׁמֶן פַּקּוּעוֹת,","con aceite de calabaza silvestre,","beshemen pakuvot,",,
בְּעִטְרָן וּבְנֵפְט.,con alquitran y con nafta.,beitran uvneft.,,
"רַבִּי טַרְפוֹן אוֹמֵר,",Rabi Tarfon dice:,"rabi tarfvon omer,",,
אֵין מַדְלִיקִין אֶלָּא,no se enciende sino,ein madlikin ela,,
בְשֶׁמֶן זַיִת בִּלְבָד:,con aceite de oliva solamente.,veshemen zayit bilvad:,,
כָּל הַיּוֹצֵא מִן הָעֵץ,"Todo lo que sale del arbol,",kal hayvotze min haetz,,
אֵין מַדְלִיקִין בּוֹ,no se enciende con ello,ein madlikin bo,,
אֶלָּא פִשְׁתָּן.,salvo lino.,ela fishtan.,,
וְכָל הַיּוֹצֵא מִן הָעֵץ אֵינוֹ,Y todo lo que sale del arbol no,vejal hayvotze min haetz eino,,
מִטַּמֵּא טֻמְאַת אֹהָלִים,"recibe impureza de tiendas,",mitame tumat ohalim,,
אֶלָּא פִשְׁתָּן.,salvo lino.,ela fishtan.,,
פְּתִילַת הַבֶּגֶד שֶׁקִּפְּלָהּ,Una mecha de tela,petilat habeged shekiplah,,
"וְלֹא הִבְהֲבָהּ,",que fue doblada y no fue chamuscada:,"velo hivhavah,",,
"רַבִּי אֱלִיעֶזֶר אוֹמֵר,",Rabi Eliezer dice:,"rabi eliezer omer,",,
"טְמֵאָה,","[es] impura,","temeah,",,
וְאֵין מַדְלִיקִין בָּהּ.,y no se enciende con ella.,veein madlikin bah.,,
"רַבִּי עֲקִיבָא אוֹמֵר,",Rabi Akiva dice:,"rabi Akiva omer,",,
"טְהוֹרָה,","[es] pura,","tehvorah,",,
וּמַדְלִיקִין בָּהּ:,y se enciende con ella.,umadlikin bah:,,
לֹא יִקֹּב אָדָם,No debe una persona perforar,lo yikov adam,,
שְׁפוֹפֶרֶת שֶׁל בֵּיצָה וִימַלְאֶנָּה,"una cascara de huevo y llenarla,",shefvoferet shel beitzah vimalenah,,
שֶׁמֶן וְיִתְּנֶנָּה עַל פִּי הַנֵּר,"con aceite, y ponerla sobre la abertura de la lampara",shemen veiitnenah al pi haner,,
"בִּשְׁבִיל שֶׁתְּהֵא מְנַטֶּפֶת,","para que gotee,","bishvil shetehe menatefet,",,
אֲפִלּוּ הִיא שֶׁל חֶרֶס.,aunque sea de barro.,afilu hi shel jeres.,,
וְרַבִּי יְהוּדָה מַתִּיר.,Pero Rabi Yehuda lo permite.,verabi yehudah matir.,,
אֲבָל אִם,Pero si el alfarero,aval im,,
"חִבְּרָהּ הַיּוֹצֵר מִתְּחִלָּה,","la unio desde el principio,","jibrah hayvotzer mitjilah,",,
"מֻתָּר,","[esta] permitido,","mutar,",,
מִפְּנֵי שֶׁהוּא,porque es,mipnei shehu,,
כְלִי אֶחָד.,un solo recipiente.,jeli ejad.,,
לֹא יְמַלֵּא אָדָם,No debe una persona llenar,lo yemale adam,,
אֶת הַקְּעָרָה שֶׁמֶן,"un plato con aceite,",et hakarah shemen,,
וְיִתְּנֶנָּה בְצַד הַנֵּר וְיִתֵּן,y ponerlo junto a la lampara y poner,veiitnenah vetzad haner veiiten,,
"רֹאשׁ הַפְּתִילָה בְתוֹכָהּ,","la punta de la mecha dentro de el,","rosh haptilah vetvojah,",,
בִּשְׁבִיל שֶׁתְּהֵא שׁוֹאֶבֶת.,para que absorba.,bishvil shetehe shvoevet.,,
וְרַבִּי יְהוּדָה מַתִּיר:,Pero Rabi Yehuda lo permite.,verabi yehudah matir:,,
הַמְכַבֶּה אֶת הַנֵּר מִפְּנֵי,El que apaga la lampara,hamjabeh et haner mipnei,,
"שֶׁהוּא מִתְיָרֵא מִפְּנֵי גוֹיִם,","porque teme a gentiles,","shehu mityare mipnei gvoyim,",,
"מִפְּנֵי לִסְטִים,","por ladrones,","mipnei listim,",,
"מִפְּנֵי רוּחַ רָעָה,","por un mal espiritu,","mipnei ruja raah,",,
וְאִם,o si,veim,,
"בִּשְׁבִיל הַחוֹלֶה שֶׁיִּישַׁן,","[lo hace] por un enfermo para que duerma,","bishvil hajvoleh sheiishan,",,
פָּטוּר.,[esta] exento.,patur.,,
כְּחָס,Si,kejas,,
"עַל הַנֵּר,","[lo hace] para ahorrar la lampara,","al haner,",,
"כְּחָס עַל הַשֶּׁמֶן,","para ahorrar el aceite,","kejas al hashemen,",,
"כְּחָס עַל הַפְּתִילָה,","para ahorrar la mecha,","kejas al haptilah,",,
חַיָּב.,[es] culpable.,jayav.,,
וְרַבִּי יוֹסֵי פּוֹטֵר,Y Rabi Yose lo exime,verabi yvosei pvoter,,
"בְּכֻלָּן חוּץ מִן הַפְּתִילָה,","en todos [los casos] salvo por la mecha,","bejulan jutz min haptilah,",,
מִפְּנֵי שֶׁהוּא עוֹשָׂהּ פֶּחָם:,porque hace de ella carbon.,mipnei shehu vosah pejam:,,
עַל שָׁלשׁ עֲבֵרוֹת,Por tres transgresiones,al shalsh avervot,,
"נָשִׁים מֵתוֹת בִּשְׁעַת לֵדָתָן,",mueren las mujeres al dar a luz:,"nashim metvot bishat ledatan,",,
עַל שֶׁאֵינָן זְהִירוֹת,por no ser cuidadosas,al sheeinan zehirvot,,
בַּנִּדָּה וּבַחַלָּה וּבְהַדְלָקַת הַנֵּר:,"con nida, con jala y con el encendido de la vela.",banidah uvajalah uvhadlakat haner:,,
שְׁלשָׁה דְבָרִים צָרִיךְ,Tres cosas,shelshah devarim tzarije,,
אָדָם לוֹמַר בְּתוֹךְ,debe una persona decir dentro de,adam lvomar betvoj,,
בֵּיתוֹ עֶרֶב שַׁבָּת,"su casa en la vispera de Shabat,",beitvo erev shabat,,
עִם חֲשֵׁכָה.,al anochecer:,im jashejah.,,
עִשַּׂרְתֶּם.,Separaron diezmos?,isartem.,,
עֵרַבְתֶּם.,Prepararon el eruv?,eravtem.,,
הַדְלִיקוּ אֶת הַנֵּר.,Enciendan la vela.,hadliku et haner.,,
סָפֵק חֲשֵׁכָה,Si hay duda si oscurecio,safek jashejah,,
"סָפֵק אֵין חֲשֵׁכָה,","o duda si no oscurecio,","safek ein jashejah,",,
אֵין מְעַשְּׂרִין,no se separa diezmo,ein measrin,,
"אֶת הַוַּדַּאי,","de lo seguro,","et havaday,",,
וְאֵין מַטְבִּילִין,no se sumergen,veein matbilin,,
"אֶת הַכֵּלִים,","los utensilios,","et hakelim,",,
וְאֵין מַדְלִיקִין,y no se encienden,veein madlikin,,
"אֶת הַנֵּרוֹת,",las velas;,"et hanervot,",,
אֲבָל מְעַשְּׂרִין,pero se separa diezmo,aval measrin,,
"אֶת הַדְּמַאי,","de lo dudoso,","et hadmay,",,
"וּמְעָרְבִין,","se prepara el eruv,","umarvin,",,
וְטוֹמְנִין אֶת הַחַמִּין:,y se guarda la comida caliente.,vetvomnin et hajamin:,,
"תַּנְיָא,",Se ensenio:,"tanya,",,
חֲנַנְיָא אוֹמֵר:,Janania dice:,Janania omer:,,
חַיָּיב אָדָם,una persona debe,jayayv adam,,
לְמַשְׁמֵשׁ בְּבִגְדוֹ עֶרֶב,revisar su ropa en la vispera,lemashmesh bevigdvo erev,,
שַׁבָּת עִם חֲשֵׁכָה,"de Shabat, al anochecer,",shabat im jashejah,,
שֶׁמָּא יִשְׁכַּח וְיֵצֵא.,no sea que olvide [algo] y salga.,shema yishkaj veietze.,,
אָמַר רַב יוֹסֵף:,Rav Yosef dijo:,amar rav yvosef:,,
הִלְכְתָא,[es] una ley,hiljeta,,
רַבָּתִי לְשַׁבָּתָא.,grande para Shabat.,rabati leshabata.,,
אָמַר רַבִּי אֶלְעָזָר,Rabi Elazar dijo,amar rabi Elazar,,
אָמַר רַבִּי חֲנִינָא.,en nombre de Rabi Janina.,amar rabi janina.,,
תַּלְמִידֵי חֲכָמִים מַרְבִּים,Los estudiosos de la Tora aumentan,talmidei jajamim marbim,,
שָׁלוֹם בָּעוֹלָם.,la paz en el mundo.,shalom bavolam.,,
שֶׁנֶּאֱמַר וְכָל,Como fue dicho: y todos,sheneemar vejal,,
בָּנַֽיִךְ לִמּוּדֵי יְהֹוָה,"tus hijos seran instruidos por Adonai,",banayij limudei Adonai,,
וְרַב שְׁלוֹם בָּנָֽיךְ:,y grande sera la paz de tus hijos.,verav shelvom banayje:,,
אַל תִּקְרֵי,No leas,al tikrei,,
בָּנָֽיךְ אֶלָּא בּוֹנָֽיךְ:,"""tus hijos"", sino ""tus constructores"".",banayje ela bvonayje:,,
שָׁלוֹם רָב לְאֹהֲבֵי,Gran paz para los que aman,shalom rav leohavei,,
תוֹרָתֶֽךָ וְאֵין לָֽמוֹ מִכְשׁוֹל:,"Tu Tora, y no hay tropiezo para ellos.",torateja veein lamo mijshvol:,,
יְהִי שָׁלוֹם בְּחֵילֵךְ,"Haya paz en tus murallas,",yehi shalom bejeilej,,
שַׁלְוָה בְּאַרְמְּנוֹתָֽיךְ לְמַֽעַן,"tranquilidad en tus palacios, por",shalvah bearmenotayje lemaan,,
אַחַי וְרֵעָי אֲדַבְּרָה נָא,mis hermanos y mis companieros hablare ahora,ajay vereay adabrah na,,
שָׁלוֹם בָּךְ:,paz en ti.,shalom baj:,,
לְמַֽעַן בֵּית יְהֹוָה,Por la Casa de Adonai,lemaan beit Adonai,,
אֱלֹהֵֽינוּ אֲבַקְ֒שָׁה,"nuestro Dios, buscare",eloheinu avakshah,,
טוֹב לָךְ:,el bien para ti.,tov laj:,,
יְהֹוָה עוֹז לְעַמּוֹ יִתֵּן,Adonai dara fuerza a Su pueblo;,Adonai oz leamo yiten,,
יְהֹוָה יְבָרֵךְ אֶת־עַמּוֹ בַּשָּׁלוֹם:,Adonai bendecira a Su pueblo con paz.,Adonai yevarej et-amo bashalom:,,
